id,text,category,prediction,correct,raw_response
1,"I was charged twice for my subscription this month, please refund one of them.",Billing,Payment Issue,0,"{""model"":""granite4:latest"",""created_at"":""2025-10-07T02:52:59.984129682Z"",""response"":""Payment"",""done"":false}
{""model"":""granite4:latest"",""created_at"":""2025-10-07T02:53:00.136444026Z"",""response"":"" Issue"",""done"":false}
{""model"":""granite4:latest"",""created_at"":""2025-10-07T02:53:00.269753249Z"",""response"":"""",""done"":true,""done_reason"":""stop"",""context"":[100264,882,100265,2675,527,264,24790,18328,13,3494,1193,279,2440,505,420,1160,430,1888,9248,279,1495,13,1442,7000,2489,11,471,364,11663,30736,24600,25,8785,9744,11,64877,6274,11,73550,11,31601,8423,11,60270,11,60270,32388,11,74465,11,9059,64169,11,19735,11,36565,8423,11,12557,66802,11,2956,8398,11,68631,11,23261,11,23096,11216,11,23096,8423,11,23096,6274,11,8871,8398,11,69835,8423,11,46099,32704,32388,11,41290,11,25705,11,71422,11,18729,11,30155,6274,11,51957,37957,11,25927,11,21085,26292,11,45003,37957,11,42187,39346,11,42187,39346,11216,11,5761,5666,11,8718,1263,11,16207,5666,11,8398,14302,11,8398,11216,11,8266,5666,11,27766,26292,271,1199,25,358,574,11684,11157,369,856,15493,420,2305,11,4587,21639,832,315,1124,382,16533,25,100257,198,100264,78191,100265,20799,26292],""total_duration"":11190124747,""load_duration"":68398312,""prompt_eval_count"":162,""prompt_eval_duration"":10834058416,""eval_count"":3,""eval_duration"":286994974}
"
2,My laptop is not connecting to the VPN since yesterday.,Technical Issue,Technical Issue,1,"{""model"":""granite4:latest"",""created_at"":""2025-10-07T02:53:01.864527378Z"",""response"":""Technical"",""done"":false}
{""model"":""granite4:latest"",""created_at"":""2025-10-07T02:53:01.993506129Z"",""response"":"" Issue"",""done"":false}
{""model"":""granite4:latest"",""created_at"":""2025-10-07T02:53:02.14080521Z"",""response"":"""",""done"":true,""done_reason"":""stop"",""context"":[100264,882,100265,2675,527,264,24790,18328,13,3494,1193,279,2440,505,420,1160,430,1888,9248,279,1495,13,1442,7000,2489,11,471,364,11663,30736,24600,25,8785,9744,11,64877,6274,11,73550,11,31601,8423,11,60270,11,60270,32388,11,74465,11,9059,64169,11,19735,11,36565,8423,11,12557,66802,11,2956,8398,11,68631,11,23261,11,23096,11216,11,23096,8423,11,23096,6274,11,8871,8398,11,69835,8423,11,46099,32704,32388,11,41290,11,25705,11,71422,11,18729,11,30155,6274,11,51957,37957,11,25927,11,21085,26292,11,45003,37957,11,42187,39346,11,42187,39346,11216,11,5761,5666,11,8718,1263,11,16207,5666,11,8398,14302,11,8398,11216,11,8266,5666,11,27766,26292,271,1199,25,3092,21288,374,539,21583,311,279,31847,2533,13985,382,16533,25,100257,198,100264,78191,100265,63326,26292],""total_duration"":1664515856,""load_duration"":82178200,""prompt_eval_count"":157,""prompt_eval_duration"":1303439298,""eval_count"":3,""eval_duration"":277788031}
"
3,Please approve the budget increase for Q4.,Approval Request,Approval Request,1,"{""model"":""granite4:latest"",""created_at"":""2025-10-07T02:53:03.564949036Z"",""response"":""Approval"",""done"":false}
{""model"":""granite4:latest"",""created_at"":""2025-10-07T02:53:03.716029961Z"",""response"":"" Request"",""done"":false}
{""model"":""granite4:latest"",""created_at"":""2025-10-07T02:53:03.846688073Z"",""response"":"""",""done"":true,""done_reason"":""stop"",""context"":[100264,882,100265,2675,527,264,24790,18328,13,3494,1193,279,2440,505,420,1160,430,1888,9248,279,1495,13,1442,7000,2489,11,471,364,11663,30736,24600,25,8785,9744,11,64877,6274,11,73550,11,31601,8423,11,60270,11,60270,32388,11,74465,11,9059,64169,11,19735,11,36565,8423,11,12557,66802,11,2956,8398,11,68631,11,23261,11,23096,11216,11,23096,8423,11,23096,6274,11,8871,8398,11,69835,8423,11,46099,32704,32388,11,41290,11,25705,11,71422,11,18729,11,30155,6274,11,51957,37957,11,25927,11,21085,26292,11,45003,37957,11,42187,39346,11,42187,39346,11216,11,5761,5666,11,8718,1263,11,16207,5666,11,8398,14302,11,8398,11216,11,8266,5666,11,27766,26292,271,1199,25,5321,29251,279,8199,5376,369,1229,19,382,16533,25,100257,198,100264,78191,100265,91207,6274],""total_duration"":1500246869,""load_duration"":98393121,""prompt_eval_count"":155,""prompt_eval_duration"":1116906847,""eval_count"":3,""eval_duration"":284293826}
"
4,The quarterly financial report includes sensitive salary data for senior executives.,Finance,Finance,1,"{""model"":""granite4:latest"",""created_at"":""2025-10-07T02:53:05.482695553Z"",""response"":""Finance"",""done"":false}
{""model"":""granite4:latest"",""created_at"":""2025-10-07T02:53:05.615581393Z"",""response"":"""",""done"":true,""done_reason"":""stop"",""context"":[100264,882,100265,2675,527,264,24790,18328,13,3494,1193,279,2440,505,420,1160,430,1888,9248,279,1495,13,1442,7000,2489,11,471,364,11663,30736,24600,25,8785,9744,11,64877,6274,11,73550,11,31601,8423,11,60270,11,60270,32388,11,74465,11,9059,64169,11,19735,11,36565,8423,11,12557,66802,11,2956,8398,11,68631,11,23261,11,23096,11216,11,23096,8423,11,23096,6274,11,8871,8398,11,69835,8423,11,46099,32704,32388,11,41290,11,25705,11,71422,11,18729,11,30155,6274,11,51957,37957,11,25927,11,21085,26292,11,45003,37957,11,42187,39346,11,42187,39346,11216,11,5761,5666,11,8718,1263,11,16207,5666,11,8398,14302,11,8398,11216,11,8266,5666,11,27766,26292,271,1199,25,578,51534,6020,1934,5764,16614,16498,828,369,10195,29509,382,16533,25,100257,198,100264,78191,100265,79188],""total_duration"":1563399527,""load_duration"":83260326,""prompt_eval_count"":158,""prompt_eval_duration"":1345102273,""eval_count"":2,""eval_duration"":134448243}
"
5,Let’s not report that issue to the auditors this quarter.,Compliance Risk,Compliance Risk,1,"{""model"":""granite4:latest"",""created_at"":""2025-10-07T02:53:07.315471916Z"",""response"":""Com"",""done"":false}
{""model"":""granite4:latest"",""created_at"":""2025-10-07T02:53:07.444065072Z"",""response"":""pliance"",""done"":false}
{""model"":""granite4:latest"",""created_at"":""2025-10-07T02:53:07.575775155Z"",""response"":"" Risk"",""done"":false}
{""model"":""granite4:latest"",""created_at"":""2025-10-07T02:53:07.708076046Z"",""response"":"""",""done"":true,""done_reason"":""stop"",""context"":[100264,882,100265,2675,527,264,24790,18328,13,3494,1193,279,2440,505,420,1160,430,1888,9248,279,1495,13,1442,7000,2489,11,471,364,11663,30736,24600,25,8785,9744,11,64877,6274,11,73550,11,31601,8423,11,60270,11,60270,32388,11,74465,11,9059,64169,11,19735,11,36565,8423,11,12557,66802,11,2956,8398,11,68631,11,23261,11,23096,11216,11,23096,8423,11,23096,6274,11,8871,8398,11,69835,8423,11,46099,32704,32388,11,41290,11,25705,11,71422,11,18729,11,30155,6274,11,51957,37957,11,25927,11,21085,26292,11,45003,37957,11,42187,39346,11,42187,39346,11216,11,5761,5666,11,8718,1263,11,16207,5666,11,8398,14302,11,8398,11216,11,8266,5666,11,27766,26292,271,1199,25,6914,753,539,1934,430,4360,311,279,6264,12170,420,8502,382,16533,25,100257,198,100264,78191,100265,1110,32712,32388],""total_duration"":1887612972,""load_duration"":76024900,""prompt_eval_count"":159,""prompt_eval_duration"":1417267135,""eval_count"":4,""eval_duration"":393693506}
"
6,Our sales representative was extremely helpful and responsive!,Positive Feedback,Positive Feedback,1,"{""model"":""granite4:latest"",""created_at"":""2025-10-07T02:53:09.144801462Z"",""response"":""Positive"",""done"":false}
{""model"":""granite4:latest"",""created_at"":""2025-10-07T02:53:09.277600539Z"",""response"":"" Feedback"",""done"":false}
{""model"":""granite4:latest"",""created_at"":""2025-10-07T02:53:09.413010442Z"",""response"":"""",""done"":true,""done_reason"":""stop"",""context"":[100264,882,100265,2675,527,264,24790,18328,13,3494,1193,279,2440,505,420,1160,430,1888,9248,279,1495,13,1442,7000,2489,11,471,364,11663,30736,24600,25,8785,9744,11,64877,6274,11,73550,11,31601,8423,11,60270,11,60270,32388,11,74465,11,9059,64169,11,19735,11,36565,8423,11,12557,66802,11,2956,8398,11,68631,11,23261,11,23096,11216,11,23096,8423,11,23096,6274,11,8871,8398,11,69835,8423,11,46099,32704,32388,11,41290,11,25705,11,71422,11,18729,11,30155,6274,11,51957,37957,11,25927,11,21085,26292,11,45003,37957,11,42187,39346,11,42187,39346,11216,11,5761,5666,11,8718,1263,11,16207,5666,11,8398,14302,11,8398,11216,11,8266,5666,11,27766,26292,271,1199,25,5751,6763,18740,574,9193,11190,323,27078,2268,16533,25,100257,198,100264,78191,100265,36590,37957],""total_duration"":1499148065,""load_duration"":78241391,""prompt_eval_count"":155,""prompt_eval_duration"":1150555234,""eval_count"":3,""eval_duration"":269623147}
"
7,The onboarding process was confusing and took too long.,Negative Feedback,Customer Inquiry,0,"{""model"":""granite4:latest"",""created_at"":""2025-10-07T02:53:11.038241252Z"",""response"":""Customer"",""done"":false}
{""model"":""granite4:latest"",""created_at"":""2025-10-07T02:53:11.170704435Z"",""response"":"" Inquiry"",""done"":false}
{""model"":""granite4:latest"",""created_at"":""2025-10-07T02:53:11.305273608Z"",""response"":"""",""done"":true,""done_reason"":""stop"",""context"":[100264,882,100265,2675,527,264,24790,18328,13,3494,1193,279,2440,505,420,1160,430,1888,9248,279,1495,13,1442,7000,2489,11,471,364,11663,30736,24600,25,8785,9744,11,64877,6274,11,73550,11,31601,8423,11,60270,11,60270,32388,11,74465,11,9059,64169,11,19735,11,36565,8423,11,12557,66802,11,2956,8398,11,68631,11,23261,11,23096,11216,11,23096,8423,11,23096,6274,11,8871,8398,11,69835,8423,11,46099,32704,32388,11,41290,11,25705,11,71422,11,18729,11,30155,6274,11,51957,37957,11,25927,11,21085,26292,11,45003,37957,11,42187,39346,11,42187,39346,11216,11,5761,5666,11,8718,1263,11,16207,5666,11,8398,14302,11,8398,11216,11,8266,5666,11,27766,26292,271,1199,25,578,389,38669,1920,574,31715,323,3952,2288,1317,382,16533,25,100257,198,100264,78191,100265,13084,66802],""total_duration"":1686601234,""load_duration"":74805119,""prompt_eval_count"":157,""prompt_eval_duration"":1342443697,""eval_count"":3,""eval_duration"":268703127}
"
8,"Invoice #2098 issued to ACME Corp for $2,500 due on March 15, 2025.",Invoice,Invoice,1,"{""model"":""granite4:latest"",""created_at"":""2025-10-07T02:53:13.758126883Z"",""response"":""Invoice"",""done"":false}
{""model"":""granite4:latest"",""created_at"":""2025-10-07T02:53:13.88945894Z"",""response"":"""",""done"":true,""done_reason"":""stop"",""context"":[100264,882,100265,2675,527,264,24790,18328,13,3494,1193,279,2440,505,420,1160,430,1888,9248,279,1495,13,1442,7000,2489,11,471,364,11663,30736,24600,25,8785,9744,11,64877,6274,11,73550,11,31601,8423,11,60270,11,60270,32388,11,74465,11,9059,64169,11,19735,11,36565,8423,11,12557,66802,11,2956,8398,11,68631,11,23261,11,23096,11216,11,23096,8423,11,23096,6274,11,8871,8398,11,69835,8423,11,46099,32704,32388,11,41290,11,25705,11,71422,11,18729,11,30155,6274,11,51957,37957,11,25927,11,21085,26292,11,45003,37957,11,42187,39346,11,42187,39346,11216,11,5761,5666,11,8718,1263,11,16207,5666,11,8398,14302,11,8398,11216,11,8266,5666,11,27766,26292,271,1199,25,41290,674,12652,23,11136,311,10807,7614,22621,369,400,17,11,2636,4245,389,5587,220,868,11,220,2366,20,382,16533,25,100257,198,100264,78191,100265,35774],""total_duration"":2378961777,""load_duration"":81294266,""prompt_eval_count"":170,""prompt_eval_duration"":2163963137,""eval_count"":2,""eval_duration"":132990796}
"
9,This agreement outlines the terms and conditions between Vendor A and Client B.,Contract,Contract,1,"{""model"":""granite4:latest"",""created_at"":""2025-10-07T02:53:15.740184006Z"",""response"":""Contract"",""done"":false}
{""model"":""granite4:latest"",""created_at"":""2025-10-07T02:53:15.871858877Z"",""response"":"""",""done"":true,""done_reason"":""stop"",""context"":[100264,882,100265,2675,527,264,24790,18328,13,3494,1193,279,2440,505,420,1160,430,1888,9248,279,1495,13,1442,7000,2489,11,471,364,11663,30736,24600,25,8785,9744,11,64877,6274,11,73550,11,31601,8423,11,60270,11,60270,32388,11,74465,11,9059,64169,11,19735,11,36565,8423,11,12557,66802,11,2956,8398,11,68631,11,23261,11,23096,11216,11,23096,8423,11,23096,6274,11,8871,8398,11,69835,8423,11,46099,32704,32388,11,41290,11,25705,11,71422,11,18729,11,30155,6274,11,51957,37957,11,25927,11,21085,26292,11,45003,37957,11,42187,39346,11,42187,39346,11216,11,5761,5666,11,8718,1263,11,16207,5666,11,8398,14302,11,8398,11216,11,8266,5666,11,27766,26292,271,1199,25,1115,9306,50729,279,3878,323,4787,1990,46236,362,323,8589,426,382,16533,25,100257,198,100264,78191,100265,14396],""total_duration"":1777297296,""load_duration"":97617285,""prompt_eval_count"":160,""prompt_eval_duration"":1545171408,""eval_count"":2,""eval_duration"":133131921}
"
10,Here’s the draft report for your review. Let me know your comments.,Status Update,HR Report,0,"{""model"":""granite4:latest"",""created_at"":""2025-10-07T02:53:17.735435362Z"",""response"":""HR"",""done"":false}
{""model"":""granite4:latest"",""created_at"":""2025-10-07T02:53:17.873793088Z"",""response"":"" Report"",""done"":false}
{""model"":""granite4:latest"",""created_at"":""2025-10-07T02:53:18.002966048Z"",""response"":"""",""done"":true,""done_reason"":""stop"",""context"":[100264,882,100265,2675,527,264,24790,18328,13,3494,1193,279,2440,505,420,1160,430,1888,9248,279,1495,13,1442,7000,2489,11,471,364,11663,30736,24600,25,8785,9744,11,64877,6274,11,73550,11,31601,8423,11,60270,11,60270,32388,11,74465,11,9059,64169,11,19735,11,36565,8423,11,12557,66802,11,2956,8398,11,68631,11,23261,11,23096,11216,11,23096,8423,11,23096,6274,11,8871,8398,11,69835,8423,11,46099,32704,32388,11,41290,11,25705,11,71422,11,18729,11,30155,6274,11,51957,37957,11,25927,11,21085,26292,11,45003,37957,11,42187,39346,11,42187,39346,11216,11,5761,5666,11,8718,1263,11,16207,5666,11,8398,14302,11,8398,11216,11,8266,5666,11,27766,26292,271,1199,25,5810,753,279,10165,1934,369,701,3477,13,6914,757,1440,701,6170,382,16533,25,100257,198,100264,78191,100265,17526,8423],""total_duration"":1925868283,""load_duration"":77904002,""prompt_eval_count"":161,""prompt_eval_duration"":1578372088,""eval_count"":3,""eval_duration"":268906565}
"
11,The vendor contract renewal requires legal review before signature.,Legal,Legal,1,"{""model"":""granite4:latest"",""created_at"":""2025-10-07T02:53:19.54326006Z"",""response"":""Legal"",""done"":false}
{""model"":""granite4:latest"",""created_at"":""2025-10-07T02:53:19.676289611Z"",""response"":"""",""done"":true,""done_reason"":""stop"",""context"":[100264,882,100265,2675,527,264,24790,18328,13,3494,1193,279,2440,505,420,1160,430,1888,9248,279,1495,13,1442,7000,2489,11,471,364,11663,30736,24600,25,8785,9744,11,64877,6274,11,73550,11,31601,8423,11,60270,11,60270,32388,11,74465,11,9059,64169,11,19735,11,36565,8423,11,12557,66802,11,2956,8398,11,68631,11,23261,11,23096,11216,11,23096,8423,11,23096,6274,11,8871,8398,11,69835,8423,11,46099,32704,32388,11,41290,11,25705,11,71422,11,18729,11,30155,6274,11,51957,37957,11,25927,11,21085,26292,11,45003,37957,11,42187,39346,11,42187,39346,11216,11,5761,5666,11,8718,1263,11,16207,5666,11,8398,14302,11,8398,11216,11,8266,5666,11,27766,26292,271,1199,25,578,21390,5226,43901,7612,5897,3477,1603,12223,382,16533,25,100257,198,100264,78191,100265,53886],""total_duration"":1468100618,""load_duration"":79662192,""prompt_eval_count"":156,""prompt_eval_duration"":1253533092,""eval_count"":2,""eval_duration"":134364549}
"
12,"I heard the merger will be announced next week, better buy shares now.",Insider Trading Risk,Sales Update,0,"{""model"":""granite4:latest"",""created_at"":""2025-10-07T02:53:21.517059955Z"",""response"":""Sales"",""done"":false}
{""model"":""granite4:latest"",""created_at"":""2025-10-07T02:53:21.645880549Z"",""response"":"" Update"",""done"":false}
{""model"":""granite4:latest"",""created_at"":""2025-10-07T02:53:21.781513091Z"",""response"":"""",""done"":true,""done_reason"":""stop"",""context"":[100264,882,100265,2675,527,264,24790,18328,13,3494,1193,279,2440,505,420,1160,430,1888,9248,279,1495,13,1442,7000,2489,11,471,364,11663,30736,24600,25,8785,9744,11,64877,6274,11,73550,11,31601,8423,11,60270,11,60270,32388,11,74465,11,9059,64169,11,19735,11,36565,8423,11,12557,66802,11,2956,8398,11,68631,11,23261,11,23096,11216,11,23096,8423,11,23096,6274,11,8871,8398,11,69835,8423,11,46099,32704,32388,11,41290,11,25705,11,71422,11,18729,11,30155,6274,11,51957,37957,11,25927,11,21085,26292,11,45003,37957,11,42187,39346,11,42187,39346,11216,11,5761,5666,11,8718,1263,11,16207,5666,11,8398,14302,11,8398,11216,11,8266,5666,11,27766,26292,271,1199,25,358,6755,279,47112,690,387,7376,1828,2046,11,2731,3780,13551,1457,382,16533,25,100257,198,100264,78191,100265,36518,5666],""total_duration"":1900159375,""load_duration"":74900114,""prompt_eval_count"":161,""prompt_eval_duration"":1558447684,""eval_count"":3,""eval_duration"":266137090}
"
13,Please reset my account password as I cannot log in.,Account Management,Account Management,1,"{""model"":""granite4:latest"",""created_at"":""2025-10-07T02:53:23.372786966Z"",""response"":""Account"",""done"":false}
{""model"":""granite4:latest"",""created_at"":""2025-10-07T02:53:23.503443285Z"",""response"":"" Management"",""done"":false}
{""model"":""granite4:latest"",""created_at"":""2025-10-07T02:53:23.635417014Z"",""response"":"""",""done"":true,""done_reason"":""stop"",""context"":[100264,882,100265,2675,527,264,24790,18328,13,3494,1193,279,2440,505,420,1160,430,1888,9248,279,1495,13,1442,7000,2489,11,471,364,11663,30736,24600,25,8785,9744,11,64877,6274,11,73550,11,31601,8423,11,60270,11,60270,32388,11,74465,11,9059,64169,11,19735,11,36565,8423,11,12557,66802,11,2956,8398,11,68631,11,23261,11,23096,11216,11,23096,8423,11,23096,6274,11,8871,8398,11,69835,8423,11,46099,32704,32388,11,41290,11,25705,11,71422,11,18729,11,30155,6274,11,51957,37957,11,25927,11,21085,26292,11,45003,37957,11,42187,39346,11,42187,39346,11216,11,5761,5666,11,8718,1263,11,16207,5666,11,8398,14302,11,8398,11216,11,8266,5666,11,27766,26292,271,1199,25,5321,7738,856,2759,3636,439,358,4250,1515,304,382,16533,25,100257,198,100264,78191,100265,7516,9744],""total_duration"":1648728302,""load_duration"":79558838,""prompt_eval_count"":157,""prompt_eval_duration"":1304580780,""eval_count"":3,""eval_duration"":263896123}
"
14,The new marketing campaign has improved customer engagement by 20%.,Marketing,Marketing,1,"{""model"":""granite4:latest"",""created_at"":""2025-10-07T02:53:25.288442348Z"",""response"":""Marketing"",""done"":false}
{""model"":""granite4:latest"",""created_at"":""2025-10-07T02:53:25.42970165Z"",""response"":"""",""done"":true,""done_reason"":""stop"",""context"":[100264,882,100265,2675,527,264,24790,18328,13,3494,1193,279,2440,505,420,1160,430,1888,9248,279,1495,13,1442,7000,2489,11,471,364,11663,30736,24600,25,8785,9744,11,64877,6274,11,73550,11,31601,8423,11,60270,11,60270,32388,11,74465,11,9059,64169,11,19735,11,36565,8423,11,12557,66802,11,2956,8398,11,68631,11,23261,11,23096,11216,11,23096,8423,11,23096,6274,11,8871,8398,11,69835,8423,11,46099,32704,32388,11,41290,11,25705,11,71422,11,18729,11,30155,6274,11,51957,37957,11,25927,11,21085,26292,11,45003,37957,11,42187,39346,11,42187,39346,11216,11,5761,5666,11,8718,1263,11,16207,5666,11,8398,14302,11,8398,11216,11,8266,5666,11,27766,26292,271,1199,25,578,502,8661,4901,706,13241,6130,20392,555,220,508,35432,16533,25,100257,198,100264,78191,100265,68662],""total_duration"":1589325228,""load_duration"":82563070,""prompt_eval_count"":158,""prompt_eval_duration"":1363522862,""eval_count"":2,""eval_duration"":142601224}
"
15,All employees must complete cybersecurity training by end of this month.,Security Policy,HR Policy,0,"{""model"":""granite4:latest"",""created_at"":""2025-10-07T02:53:27.080727821Z"",""response"":""HR"",""done"":false}
{""model"":""granite4:latest"",""created_at"":""2025-10-07T02:53:27.219186154Z"",""response"":"" Policy"",""done"":false}
{""model"":""granite4:latest"",""created_at"":""2025-10-07T02:53:27.369408269Z"",""response"":"""",""done"":true,""done_reason"":""stop"",""context"":[100264,882,100265,2675,527,264,24790,18328,13,3494,1193,279,2440,505,420,1160,430,1888,9248,279,1495,13,1442,7000,2489,11,471,364,11663,30736,24600,25,8785,9744,11,64877,6274,11,73550,11,31601,8423,11,60270,11,60270,32388,11,74465,11,9059,64169,11,19735,11,36565,8423,11,12557,66802,11,2956,8398,11,68631,11,23261,11,23096,11216,11,23096,8423,11,23096,6274,11,8871,8398,11,69835,8423,11,46099,32704,32388,11,41290,11,25705,11,71422,11,18729,11,30155,6274,11,51957,37957,11,25927,11,21085,26292,11,45003,37957,11,42187,39346,11,42187,39346,11216,11,5761,5666,11,8718,1263,11,16207,5666,11,8398,14302,11,8398,11216,11,8266,5666,11,27766,26292,271,1199,25,2052,8420,2011,4686,62542,4967,555,842,315,420,2305,382,16533,25,100257,198,100264,78191,100265,17526,11216],""total_duration"":1734788237,""load_duration"":79354139,""prompt_eval_count"":158,""prompt_eval_duration"":1364779990,""eval_count"":3,""eval_duration"":290020710}
"
16,I need a copy of the latest purchase order for vendor 145.,Procurement,Procurement,1,"{""model"":""granite4:latest"",""created_at"":""2025-10-07T02:53:29.160111723Z"",""response"":""Proc"",""done"":false}
{""model"":""granite4:latest"",""created_at"":""2025-10-07T02:53:29.287785362Z"",""response"":""urement"",""done"":false}
{""model"":""granite4:latest"",""created_at"":""2025-10-07T02:53:29.419228118Z"",""response"":"""",""done"":true,""done_reason"":""stop"",""context"":[100264,882,100265,2675,527,264,24790,18328,13,3494,1193,279,2440,505,420,1160,430,1888,9248,279,1495,13,1442,7000,2489,11,471,364,11663,30736,24600,25,8785,9744,11,64877,6274,11,73550,11,31601,8423,11,60270,11,60270,32388,11,74465,11,9059,64169,11,19735,11,36565,8423,11,12557,66802,11,2956,8398,11,68631,11,23261,11,23096,11216,11,23096,8423,11,23096,6274,11,8871,8398,11,69835,8423,11,46099,32704,32388,11,41290,11,25705,11,71422,11,18729,11,30155,6274,11,51957,37957,11,25927,11,21085,26292,11,45003,37957,11,42187,39346,11,42187,39346,11216,11,5761,5666,11,8718,1263,11,16207,5666,11,8398,14302,11,8398,11216,11,8266,5666,11,27766,26292,271,1199,25,358,1205,264,3048,315,279,5652,7782,2015,369,21390,220,9591,382,16533,25,100257,198,100264,78191,100265,25522,39346],""total_duration"":1844657105,""load_duration"":79390108,""prompt_eval_count"":160,""prompt_eval_duration"":1503917092,""eval_count"":3,""eval_duration"":260635416}
"
17,Can you schedule a meeting to discuss next quarter’s hiring plan?,Meeting Request,Meeting Request,1,"{""model"":""granite4:latest"",""created_at"":""2025-10-07T02:53:31.153977639Z"",""response"":""Meeting"",""done"":false}
{""model"":""granite4:latest"",""created_at"":""2025-10-07T02:53:31.287873791Z"",""response"":"" Request"",""done"":false}
{""model"":""granite4:latest"",""created_at"":""2025-10-07T02:53:31.432088857Z"",""response"":"""",""done"":true,""done_reason"":""stop"",""context"":[100264,882,100265,2675,527,264,24790,18328,13,3494,1193,279,2440,505,420,1160,430,1888,9248,279,1495,13,1442,7000,2489,11,471,364,11663,30736,24600,25,8785,9744,11,64877,6274,11,73550,11,31601,8423,11,60270,11,60270,32388,11,74465,11,9059,64169,11,19735,11,36565,8423,11,12557,66802,11,2956,8398,11,68631,11,23261,11,23096,11216,11,23096,8423,11,23096,6274,11,8871,8398,11,69835,8423,11,46099,32704,32388,11,41290,11,25705,11,71422,11,18729,11,30155,6274,11,51957,37957,11,25927,11,21085,26292,11,45003,37957,11,42187,39346,11,42187,39346,11216,11,5761,5666,11,8718,1263,11,16207,5666,11,8398,14302,11,8398,11216,11,8266,5666,11,27766,26292,271,1199,25,3053,499,9899,264,6574,311,4358,1828,8502,753,24009,3197,1980,16533,25,100257,198,100264,78191,100265,65676,6274],""total_duration"":1807373157,""load_duration"":77763810,""prompt_eval_count"":159,""prompt_eval_duration"":1449557580,""eval_count"":3,""eval_duration"":279409993}
"
18,The system keeps timing out when generating reports.,Technical Issue,Security Alert,0,"{""model"":""granite4:latest"",""created_at"":""2025-10-07T02:53:32.846265371Z"",""response"":""Security"",""done"":false}
{""model"":""granite4:latest"",""created_at"":""2025-10-07T02:53:32.973862812Z"",""response"":"" Alert"",""done"":false}
{""model"":""granite4:latest"",""created_at"":""2025-10-07T02:53:33.107331642Z"",""response"":"""",""done"":true,""done_reason"":""stop"",""context"":[100264,882,100265,2675,527,264,24790,18328,13,3494,1193,279,2440,505,420,1160,430,1888,9248,279,1495,13,1442,7000,2489,11,471,364,11663,30736,24600,25,8785,9744,11,64877,6274,11,73550,11,31601,8423,11,60270,11,60270,32388,11,74465,11,9059,64169,11,19735,11,36565,8423,11,12557,66802,11,2956,8398,11,68631,11,23261,11,23096,11216,11,23096,8423,11,23096,6274,11,8871,8398,11,69835,8423,11,46099,32704,32388,11,41290,11,25705,11,71422,11,18729,11,30155,6274,11,51957,37957,11,25927,11,21085,26292,11,45003,37957,11,42187,39346,11,42187,39346,11216,11,5761,5666,11,8718,1263,11,16207,5666,11,8398,14302,11,8398,11216,11,8266,5666,11,27766,26292,271,1199,25,578,1887,13912,18912,704,994,24038,6821,382,16533,25,100257,198,100264,78191,100265,15712,14302],""total_duration"":1470173961,""load_duration"":85633041,""prompt_eval_count"":155,""prompt_eval_duration"":1121451518,""eval_count"":3,""eval_duration"":262378063}
"
19,Expense report #554 was rejected due to missing receipts.,Expense,Expense,1,"{""model"":""granite4:latest"",""created_at"":""2025-10-07T02:53:34.713706128Z"",""response"":""Expense"",""done"":false}
{""model"":""granite4:latest"",""created_at"":""2025-10-07T02:53:34.85111056Z"",""response"":"""",""done"":true,""done_reason"":""stop"",""context"":[100264,882,100265,2675,527,264,24790,18328,13,3494,1193,279,2440,505,420,1160,430,1888,9248,279,1495,13,1442,7000,2489,11,471,364,11663,30736,24600,25,8785,9744,11,64877,6274,11,73550,11,31601,8423,11,60270,11,60270,32388,11,74465,11,9059,64169,11,19735,11,36565,8423,11,12557,66802,11,2956,8398,11,68631,11,23261,11,23096,11216,11,23096,8423,11,23096,6274,11,8871,8398,11,69835,8423,11,46099,32704,32388,11,41290,11,25705,11,71422,11,18729,11,30155,6274,11,51957,37957,11,25927,11,21085,26292,11,45003,37957,11,42187,39346,11,42187,39346,11216,11,5761,5666,11,8718,1263,11,16207,5666,11,8398,14302,11,8398,11216,11,8266,5666,11,27766,26292,271,1199,25,68631,1934,674,22303,574,18010,4245,311,7554,57580,382,16533,25,100257,198,100264,78191,100265,60789],""total_duration"":1538792771,""load_duration"":82318014,""prompt_eval_count"":157,""prompt_eval_duration"":1316864050,""eval_count"":2,""eval_duration"":138942069}
"
20,We plan to launch a social media campaign targeting Gen Z consumers next quarter.,Marketing,Marketing,1,"{""model"":""granite4:latest"",""created_at"":""2025-10-07T02:53:36.714289822Z"",""response"":""Marketing"",""done"":false}
{""model"":""granite4:latest"",""created_at"":""2025-10-07T02:53:36.842119392Z"",""response"":"""",""done"":true,""done_reason"":""stop"",""context"":[100264,882,100265,2675,527,264,24790,18328,13,3494,1193,279,2440,505,420,1160,430,1888,9248,279,1495,13,1442,7000,2489,11,471,364,11663,30736,24600,25,8785,9744,11,64877,6274,11,73550,11,31601,8423,11,60270,11,60270,32388,11,74465,11,9059,64169,11,19735,11,36565,8423,11,12557,66802,11,2956,8398,11,68631,11,23261,11,23096,11216,11,23096,8423,11,23096,6274,11,8871,8398,11,69835,8423,11,46099,32704,32388,11,41290,11,25705,11,71422,11,18729,11,30155,6274,11,51957,37957,11,25927,11,21085,26292,11,45003,37957,11,42187,39346,11,42187,39346,11216,11,5761,5666,11,8718,1263,11,16207,5666,11,8398,14302,11,8398,11216,11,8266,5666,11,27766,26292,271,1199,25,1226,3197,311,7195,264,3674,3772,4901,25103,9500,1901,13723,1828,8502,382,16533,25,100257,198,100264,78191,100265,68662],""total_duration"":1786190181,""load_duration"":83552382,""prompt_eval_count"":161,""prompt_eval_duration"":1572818789,""eval_count"":2,""eval_duration"":129202618}
"
21,Please review and sign the attached NDA document.,Legal,HR Policy,0,"{""model"":""granite4:latest"",""created_at"":""2025-10-07T02:53:38.372889943Z"",""response"":""HR"",""done"":false}
{""model"":""granite4:latest"",""created_at"":""2025-10-07T02:53:38.50515038Z"",""response"":"" Policy"",""done"":false}
{""model"":""granite4:latest"",""created_at"":""2025-10-07T02:53:38.637409026Z"",""response"":"""",""done"":true,""done_reason"":""stop"",""context"":[100264,882,100265,2675,527,264,24790,18328,13,3494,1193,279,2440,505,420,1160,430,1888,9248,279,1495,13,1442,7000,2489,11,471,364,11663,30736,24600,25,8785,9744,11,64877,6274,11,73550,11,31601,8423,11,60270,11,60270,32388,11,74465,11,9059,64169,11,19735,11,36565,8423,11,12557,66802,11,2956,8398,11,68631,11,23261,11,23096,11216,11,23096,8423,11,23096,6274,11,8871,8398,11,69835,8423,11,46099,32704,32388,11,41290,11,25705,11,71422,11,18729,11,30155,6274,11,51957,37957,11,25927,11,21085,26292,11,45003,37957,11,42187,39346,11,42187,39346,11216,11,5761,5666,11,8718,1263,11,16207,5666,11,8398,14302,11,8398,11216,11,8266,5666,11,27766,26292,271,1199,25,5321,3477,323,1879,279,12673,452,6486,2246,382,16533,25,100257,198,100264,78191,100265,17526,11216],""total_duration"":1590238708,""load_duration"":78330381,""prompt_eval_count"":156,""prompt_eval_duration"":1245397393,""eval_count"":3,""eval_duration"":265883287}
"
22,The data center migration is complete. All systems operational.,Operations,Operations,1,"{""model"":""granite4:latest"",""created_at"":""2025-10-07T02:53:40.238681708Z"",""response"":""Operations"",""done"":false}
{""model"":""granite4:latest"",""created_at"":""2025-10-07T02:53:40.375825272Z"",""response"":"""",""done"":true,""done_reason"":""stop"",""context"":[100264,882,100265,2675,527,264,24790,18328,13,3494,1193,279,2440,505,420,1160,430,1888,9248,279,1495,13,1442,7000,2489,11,471,364,11663,30736,24600,25,8785,9744,11,64877,6274,11,73550,11,31601,8423,11,60270,11,60270,32388,11,74465,11,9059,64169,11,19735,11,36565,8423,11,12557,66802,11,2956,8398,11,68631,11,23261,11,23096,11216,11,23096,8423,11,23096,6274,11,8871,8398,11,69835,8423,11,46099,32704,32388,11,41290,11,25705,11,71422,11,18729,11,30155,6274,11,51957,37957,11,25927,11,21085,26292,11,45003,37957,11,42187,39346,11,42187,39346,11216,11,5761,5666,11,8718,1263,11,16207,5666,11,8398,14302,11,8398,11216,11,8266,5666,11,27766,26292,271,1199,25,578,828,4219,12172,374,4686,13,2052,6067,25605,382,16533,25,100257,198,100264,78191,100265,36220],""total_duration"":1533429298,""load_duration"":76772388,""prompt_eval_count"":157,""prompt_eval_duration"":1316726108,""eval_count"":2,""eval_duration"":138522842}
"
23,Our HR team is revising the remote work policy for 2025.,HR Policy,HR Policy,1,"{""model"":""granite4:latest"",""created_at"":""2025-10-07T02:53:42.244393882Z"",""response"":""HR"",""done"":false}
{""model"":""granite4:latest"",""created_at"":""2025-10-07T02:53:42.37726702Z"",""response"":"" Policy"",""done"":false}
{""model"":""granite4:latest"",""created_at"":""2025-10-07T02:53:42.502905566Z"",""response"":"""",""done"":true,""done_reason"":""stop"",""context"":[100264,882,100265,2675,527,264,24790,18328,13,3494,1193,279,2440,505,420,1160,430,1888,9248,279,1495,13,1442,7000,2489,11,471,364,11663,30736,24600,25,8785,9744,11,64877,6274,11,73550,11,31601,8423,11,60270,11,60270,32388,11,74465,11,9059,64169,11,19735,11,36565,8423,11,12557,66802,11,2956,8398,11,68631,11,23261,11,23096,11216,11,23096,8423,11,23096,6274,11,8871,8398,11,69835,8423,11,46099,32704,32388,11,41290,11,25705,11,71422,11,18729,11,30155,6274,11,51957,37957,11,25927,11,21085,26292,11,45003,37957,11,42187,39346,11,42187,39346,11216,11,5761,5666,11,8718,1263,11,16207,5666,11,8398,14302,11,8398,11216,11,8266,5666,11,27766,26292,271,1199,25,5751,23096,2128,374,17951,287,279,8870,990,4947,369,220,2366,20,382,16533,25,100257,198,100264,78191,100265,17526,11216],""total_duration"":1922268989,""load_duration"":75904825,""prompt_eval_count"":161,""prompt_eval_duration"":1585872717,""eval_count"":3,""eval_duration"":259842999}
"
24,I’m getting a ‘payment declined’ message on checkout.,Payment Issue,Payment Issue,1,"{""model"":""granite4:latest"",""created_at"":""2025-10-07T02:53:44.165450235Z"",""response"":""Payment"",""done"":false}
{""model"":""granite4:latest"",""created_at"":""2025-10-07T02:53:44.293844492Z"",""response"":"" Issue"",""done"":false}
{""model"":""granite4:latest"",""created_at"":""2025-10-07T02:53:44.425228934Z"",""response"":"""",""done"":true,""done_reason"":""stop"",""context"":[100264,882,100265,2675,527,264,24790,18328,13,3494,1193,279,2440,505,420,1160,430,1888,9248,279,1495,13,1442,7000,2489,11,471,364,11663,30736,24600,25,8785,9744,11,64877,6274,11,73550,11,31601,8423,11,60270,11,60270,32388,11,74465,11,9059,64169,11,19735,11,36565,8423,11,12557,66802,11,2956,8398,11,68631,11,23261,11,23096,11216,11,23096,8423,11,23096,6274,11,8871,8398,11,69835,8423,11,46099,32704,32388,11,41290,11,25705,11,71422,11,18729,11,30155,6274,11,51957,37957,11,25927,11,21085,26292,11,45003,37957,11,42187,39346,11,42187,39346,11216,11,5761,5666,11,8718,1263,11,16207,5666,11,8398,14302,11,8398,11216,11,8266,5666,11,27766,26292,271,1199,25,358,4344,3794,264,3451,14073,19284,529,1984,389,28363,382,16533,25,100257,198,100264,78191,100265,20799,26292],""total_duration"":1717265295,""load_duration"":83274831,""prompt_eval_count"":158,""prompt_eval_duration"":1372087749,""eval_count"":3,""eval_duration"":261176975}
"
25,New security patch deployed to address recent vulnerabilities.,IT Security,Security Alert,0,"{""model"":""granite4:latest"",""created_at"":""2025-10-07T02:53:45.856993209Z"",""response"":""Security"",""done"":false}
{""model"":""granite4:latest"",""created_at"":""2025-10-07T02:53:45.98814477Z"",""response"":"" Alert"",""done"":false}
{""model"":""granite4:latest"",""created_at"":""2025-10-07T02:53:46.118787141Z"",""response"":"""",""done"":true,""done_reason"":""stop"",""context"":[100264,882,100265,2675,527,264,24790,18328,13,3494,1193,279,2440,505,420,1160,430,1888,9248,279,1495,13,1442,7000,2489,11,471,364,11663,30736,24600,25,8785,9744,11,64877,6274,11,73550,11,31601,8423,11,60270,11,60270,32388,11,74465,11,9059,64169,11,19735,11,36565,8423,11,12557,66802,11,2956,8398,11,68631,11,23261,11,23096,11216,11,23096,8423,11,23096,6274,11,8871,8398,11,69835,8423,11,46099,32704,32388,11,41290,11,25705,11,71422,11,18729,11,30155,6274,11,51957,37957,11,25927,11,21085,26292,11,45003,37957,11,42187,39346,11,42187,39346,11216,11,5761,5666,11,8718,1263,11,16207,5666,11,8398,14302,11,8398,11216,11,8266,5666,11,27766,26292,271,1199,25,1561,4868,11140,27167,311,2686,3293,52227,382,16533,25,100257,198,100264,78191,100265,15712,14302],""total_duration"":1488623378,""load_duration"":77745348,""prompt_eval_count"":155,""prompt_eval_duration"":1147127930,""eval_count"":3,""eval_duration"":263099421}
"
26,Can we get additional licenses for our CRM tool?,Procurement,Procurement,1,"{""model"":""granite4:latest"",""created_at"":""2025-10-07T02:53:47.625474519Z"",""response"":""Proc"",""done"":false}
{""model"":""granite4:latest"",""created_at"":""2025-10-07T02:53:47.758135736Z"",""response"":""urement"",""done"":false}
{""model"":""granite4:latest"",""created_at"":""2025-10-07T02:53:47.900212807Z"",""response"":"""",""done"":true,""done_reason"":""stop"",""context"":[100264,882,100265,2675,527,264,24790,18328,13,3494,1193,279,2440,505,420,1160,430,1888,9248,279,1495,13,1442,7000,2489,11,471,364,11663,30736,24600,25,8785,9744,11,64877,6274,11,73550,11,31601,8423,11,60270,11,60270,32388,11,74465,11,9059,64169,11,19735,11,36565,8423,11,12557,66802,11,2956,8398,11,68631,11,23261,11,23096,11216,11,23096,8423,11,23096,6274,11,8871,8398,11,69835,8423,11,46099,32704,32388,11,41290,11,25705,11,71422,11,18729,11,30155,6274,11,51957,37957,11,25927,11,21085,26292,11,45003,37957,11,42187,39346,11,42187,39346,11216,11,5761,5666,11,8718,1263,11,16207,5666,11,8398,14302,11,8398,11216,11,8266,5666,11,27766,26292,271,1199,25,3053,584,636,5217,21746,369,1057,41441,5507,1980,16533,25,100257,198,100264,78191,100265,25522,39346],""total_duration"":1576486621,""load_duration"":76624486,""prompt_eval_count"":156,""prompt_eval_duration"":1222888244,""eval_count"":3,""eval_duration"":276307883}
"
27,The new intern performed exceptionally well during onboarding.,Positive Feedback,HR Report,0,"{""model"":""granite4:latest"",""created_at"":""2025-10-07T02:53:49.796280964Z"",""response"":""HR"",""done"":false}
{""model"":""granite4:latest"",""created_at"":""2025-10-07T02:53:49.96354915Z"",""response"":"" Report"",""done"":false}
{""model"":""granite4:latest"",""created_at"":""2025-10-07T02:53:50.124812299Z"",""response"":"""",""done"":true,""done_reason"":""stop"",""context"":[100264,882,100265,2675,527,264,24790,18328,13,3494,1193,279,2440,505,420,1160,430,1888,9248,279,1495,13,1442,7000,2489,11,471,364,11663,30736,24600,25,8785,9744,11,64877,6274,11,73550,11,31601,8423,11,60270,11,60270,32388,11,74465,11,9059,64169,11,19735,11,36565,8423,11,12557,66802,11,2956,8398,11,68631,11,23261,11,23096,11216,11,23096,8423,11,23096,6274,11,8871,8398,11,69835,8423,11,46099,32704,32388,11,41290,11,25705,11,71422,11,18729,11,30155,6274,11,51957,37957,11,25927,11,21085,26292,11,45003,37957,11,42187,39346,11,42187,39346,11216,11,5761,5666,11,8718,1263,11,16207,5666,11,8398,14302,11,8398,11216,11,8266,5666,11,27766,26292,271,1199,25,578,502,2655,10887,48298,1664,2391,389,38669,382,16533,25,100257,198,100264,78191,100265,17526,8423],""total_duration"":2019249220,""load_duration"":75685197,""prompt_eval_count"":156,""prompt_eval_duration"":1611305093,""eval_count"":3,""eval_duration"":330238509}
"
28,The employee satisfaction survey results indicate a drop in morale.,HR Report,HR Report,1,"{""model"":""granite4:latest"",""created_at"":""2025-10-07T02:53:51.691097473Z"",""response"":""HR"",""done"":false}
{""model"":""granite4:latest"",""created_at"":""2025-10-07T02:53:51.827208034Z"",""response"":"" Report"",""done"":false}
{""model"":""granite4:latest"",""created_at"":""2025-10-07T02:53:51.965944102Z"",""response"":"""",""done"":true,""done_reason"":""stop"",""context"":[100264,882,100265,2675,527,264,24790,18328,13,3494,1193,279,2440,505,420,1160,430,1888,9248,279,1495,13,1442,7000,2489,11,471,364,11663,30736,24600,25,8785,9744,11,64877,6274,11,73550,11,31601,8423,11,60270,11,60270,32388,11,74465,11,9059,64169,11,19735,11,36565,8423,11,12557,66802,11,2956,8398,11,68631,11,23261,11,23096,11216,11,23096,8423,11,23096,6274,11,8871,8398,11,69835,8423,11,46099,32704,32388,11,41290,11,25705,11,71422,11,18729,11,30155,6274,11,51957,37957,11,25927,11,21085,26292,11,45003,37957,11,42187,39346,11,42187,39346,11216,11,5761,5666,11,8718,1263,11,16207,5666,11,8398,14302,11,8398,11216,11,8266,5666,11,27766,26292,271,1199,25,578,9548,24617,10795,3135,13519,264,6068,304,63683,382,16533,25,100257,198,100264,78191,100265,17526,8423],""total_duration"":1636954712,""load_duration"":67307949,""prompt_eval_count"":157,""prompt_eval_duration"":1292959231,""eval_count"":3,""eval_duration"":275878116}
"
29,Please confirm receipt of the updated vendor invoice.,Finance,Invoice,0,"{""model"":""granite4:latest"",""created_at"":""2025-10-07T02:53:53.384691637Z"",""response"":""Invoice"",""done"":false}
{""model"":""granite4:latest"",""created_at"":""2025-10-07T02:53:53.516357788Z"",""response"":"""",""done"":true,""done_reason"":""stop"",""context"":[100264,882,100265,2675,527,264,24790,18328,13,3494,1193,279,2440,505,420,1160,430,1888,9248,279,1495,13,1442,7000,2489,11,471,364,11663,30736,24600,25,8785,9744,11,64877,6274,11,73550,11,31601,8423,11,60270,11,60270,32388,11,74465,11,9059,64169,11,19735,11,36565,8423,11,12557,66802,11,2956,8398,11,68631,11,23261,11,23096,11216,11,23096,8423,11,23096,6274,11,8871,8398,11,69835,8423,11,46099,32704,32388,11,41290,11,25705,11,71422,11,18729,11,30155,6274,11,51957,37957,11,25927,11,21085,26292,11,45003,37957,11,42187,39346,11,42187,39346,11216,11,5761,5666,11,8718,1263,11,16207,5666,11,8398,14302,11,8398,11216,11,8266,5666,11,27766,26292,271,1199,25,5321,7838,23383,315,279,6177,21390,25637,382,16533,25,100257,198,100264,78191,100265,35774],""total_duration"":1345462997,""load_duration"":74631399,""prompt_eval_count"":155,""prompt_eval_duration"":1137301998,""eval_count"":2,""eval_duration"":132781915}
"
30,Don’t share this information externally until the press release.,Confidential,Security Alert,0,"{""model"":""granite4:latest"",""created_at"":""2025-10-07T02:53:55.116264692Z"",""response"":""Security"",""done"":false}
{""model"":""granite4:latest"",""created_at"":""2025-10-07T02:53:55.24477769Z"",""response"":"" Alert"",""done"":false}
{""model"":""granite4:latest"",""created_at"":""2025-10-07T02:53:55.38096528Z"",""response"":"""",""done"":true,""done_reason"":""stop"",""context"":[100264,882,100265,2675,527,264,24790,18328,13,3494,1193,279,2440,505,420,1160,430,1888,9248,279,1495,13,1442,7000,2489,11,471,364,11663,30736,24600,25,8785,9744,11,64877,6274,11,73550,11,31601,8423,11,60270,11,60270,32388,11,74465,11,9059,64169,11,19735,11,36565,8423,11,12557,66802,11,2956,8398,11,68631,11,23261,11,23096,11216,11,23096,8423,11,23096,6274,11,8871,8398,11,69835,8423,11,46099,32704,32388,11,41290,11,25705,11,71422,11,18729,11,30155,6274,11,51957,37957,11,25927,11,21085,26292,11,45003,37957,11,42187,39346,11,42187,39346,11216,11,5761,5666,11,8718,1263,11,16207,5666,11,8398,14302,11,8398,11216,11,8266,5666,11,27766,26292,271,1199,25,4418,1431,4430,420,2038,69442,3156,279,3577,4984,382,16533,25,100257,198,100264,78191,100265,15712,14302],""total_duration"":1659711933,""load_duration"":90540052,""prompt_eval_count"":157,""prompt_eval_duration"":1302792967,""eval_count"":3,""eval_duration"":265769621}
"
31,Customer requests an update on order #1945 delivery status.,Customer Inquiry,Status Update,0,"{""model"":""granite4:latest"",""created_at"":""2025-10-07T02:53:57.054525846Z"",""response"":""Status"",""done"":false}
{""model"":""granite4:latest"",""created_at"":""2025-10-07T02:53:57.193065665Z"",""response"":"" Update"",""done"":false}
{""model"":""granite4:latest"",""created_at"":""2025-10-07T02:53:57.322202522Z"",""response"":"""",""done"":true,""done_reason"":""stop"",""context"":[100264,882,100265,2675,527,264,24790,18328,13,3494,1193,279,2440,505,420,1160,430,1888,9248,279,1495,13,1442,7000,2489,11,471,364,11663,30736,24600,25,8785,9744,11,64877,6274,11,73550,11,31601,8423,11,60270,11,60270,32388,11,74465,11,9059,64169,11,19735,11,36565,8423,11,12557,66802,11,2956,8398,11,68631,11,23261,11,23096,11216,11,23096,8423,11,23096,6274,11,8871,8398,11,69835,8423,11,46099,32704,32388,11,41290,11,25705,11,71422,11,18729,11,30155,6274,11,51957,37957,11,25927,11,21085,26292,11,45003,37957,11,42187,39346,11,42187,39346,11216,11,5761,5666,11,8718,1263,11,16207,5666,11,8398,14302,11,8398,11216,11,8266,5666,11,27766,26292,271,1199,25,12557,7540,459,2713,389,2015,674,6393,20,9889,2704,382,16533,25,100257,198,100264,78191,100265,2583,5666],""total_duration"":1736220231,""load_duration"":78812699,""prompt_eval_count"":158,""prompt_eval_duration"":1387794556,""eval_count"":3,""eval_duration"":267989386}
"
32,The firewall configuration needs to be updated to block external SSH access.,IT Security,IT Security,1,"{""model"":""granite4:latest"",""created_at"":""2025-10-07T02:53:59.035658641Z"",""response"":""IT"",""done"":false}
{""model"":""granite4:latest"",""created_at"":""2025-10-07T02:53:59.166594023Z"",""response"":"" Security"",""done"":false}
{""model"":""granite4:latest"",""created_at"":""2025-10-07T02:53:59.294296827Z"",""response"":"""",""done"":true,""done_reason"":""stop"",""context"":[100264,882,100265,2675,527,264,24790,18328,13,3494,1193,279,2440,505,420,1160,430,1888,9248,279,1495,13,1442,7000,2489,11,471,364,11663,30736,24600,25,8785,9744,11,64877,6274,11,73550,11,31601,8423,11,60270,11,60270,32388,11,74465,11,9059,64169,11,19735,11,36565,8423,11,12557,66802,11,2956,8398,11,68631,11,23261,11,23096,11216,11,23096,8423,11,23096,6274,11,8871,8398,11,69835,8423,11,46099,32704,32388,11,41290,11,25705,11,71422,11,18729,11,30155,6274,11,51957,37957,11,25927,11,21085,26292,11,45003,37957,11,42187,39346,11,42187,39346,11216,11,5761,5666,11,8718,1263,11,16207,5666,11,8398,14302,11,8398,11216,11,8266,5666,11,27766,26292,271,1199,25,578,50977,6683,3966,311,387,6177,311,2565,9434,41563,2680,382,16533,25,100257,198,100264,78191,100265,964,8398],""total_duration"":1764841773,""load_duration"":81838836,""prompt_eval_count"":159,""prompt_eval_duration"":1422736436,""eval_count"":3,""eval_duration"":259615392}
"
33,This statement outlines our ESG goals for the next fiscal year.,Corporate Report,Compliance,0,"{""model"":""granite4:latest"",""created_at"":""2025-10-07T02:54:00.999698547Z"",""response"":""Com"",""done"":false}
{""model"":""granite4:latest"",""created_at"":""2025-10-07T02:54:01.135632618Z"",""response"":""pliance"",""done"":false}
{""model"":""granite4:latest"",""created_at"":""2025-10-07T02:54:01.267770849Z"",""response"":"""",""done"":true,""done_reason"":""stop"",""context"":[100264,882,100265,2675,527,264,24790,18328,13,3494,1193,279,2440,505,420,1160,430,1888,9248,279,1495,13,1442,7000,2489,11,471,364,11663,30736,24600,25,8785,9744,11,64877,6274,11,73550,11,31601,8423,11,60270,11,60270,32388,11,74465,11,9059,64169,11,19735,11,36565,8423,11,12557,66802,11,2956,8398,11,68631,11,23261,11,23096,11216,11,23096,8423,11,23096,6274,11,8871,8398,11,69835,8423,11,46099,32704,32388,11,41290,11,25705,11,71422,11,18729,11,30155,6274,11,51957,37957,11,25927,11,21085,26292,11,45003,37957,11,42187,39346,11,42187,39346,11216,11,5761,5666,11,8718,1263,11,16207,5666,11,8398,14302,11,8398,11216,11,8266,5666,11,27766,26292,271,1199,25,1115,5224,50729,1057,469,7939,9021,369,279,1828,20323,1060,382,16533,25,100257,198,100264,78191,100265,1110,32712],""total_duration"":1768320540,""load_duration"":80344971,""prompt_eval_count"":159,""prompt_eval_duration"":1418173379,""eval_count"":3,""eval_duration"":269191163}
"
34,Client requested a refund due to a defective product.,Refund,Refund,1,"{""model"":""granite4:latest"",""created_at"":""2025-10-07T02:54:02.797480189Z"",""response"":""Ref"",""done"":false}
{""model"":""granite4:latest"",""created_at"":""2025-10-07T02:54:02.930294081Z"",""response"":""und"",""done"":false}
{""model"":""granite4:latest"",""created_at"":""2025-10-07T02:54:03.069286578Z"",""response"":"""",""done"":true,""done_reason"":""stop"",""context"":[100264,882,100265,2675,527,264,24790,18328,13,3494,1193,279,2440,505,420,1160,430,1888,9248,279,1495,13,1442,7000,2489,11,471,364,11663,30736,24600,25,8785,9744,11,64877,6274,11,73550,11,31601,8423,11,60270,11,60270,32388,11,74465,11,9059,64169,11,19735,11,36565,8423,11,12557,66802,11,2956,8398,11,68631,11,23261,11,23096,11216,11,23096,8423,11,23096,6274,11,8871,8398,11,69835,8423,11,46099,32704,32388,11,41290,11,25705,11,71422,11,18729,11,30155,6274,11,51957,37957,11,25927,11,21085,26292,11,45003,37957,11,42187,39346,11,42187,39346,11216,11,5761,5666,11,8718,1263,11,16207,5666,11,8398,14302,11,8398,11216,11,8266,5666,11,27766,26292,271,1199,25,8589,11472,264,21639,4245,311,264,64903,2027,382,16533,25,100257,198,100264,78191,100265,4032,1263],""total_duration"":1595937854,""load_duration"":78372670,""prompt_eval_count"":156,""prompt_eval_duration"":1244054699,""eval_count"":3,""eval_duration"":272865401}
"
35,Please find attached the signed contract for project Phoenix.,Contract,Contract,1,"{""model"":""granite4:latest"",""created_at"":""2025-10-07T02:54:04.588926846Z"",""response"":""Contract"",""done"":false}
{""model"":""granite4:latest"",""created_at"":""2025-10-07T02:54:04.720832114Z"",""response"":"""",""done"":true,""done_reason"":""stop"",""context"":[100264,882,100265,2675,527,264,24790,18328,13,3494,1193,279,2440,505,420,1160,430,1888,9248,279,1495,13,1442,7000,2489,11,471,364,11663,30736,24600,25,8785,9744,11,64877,6274,11,73550,11,31601,8423,11,60270,11,60270,32388,11,74465,11,9059,64169,11,19735,11,36565,8423,11,12557,66802,11,2956,8398,11,68631,11,23261,11,23096,11216,11,23096,8423,11,23096,6274,11,8871,8398,11,69835,8423,11,46099,32704,32388,11,41290,11,25705,11,71422,11,18729,11,30155,6274,11,51957,37957,11,25927,11,21085,26292,11,45003,37957,11,42187,39346,11,42187,39346,11216,11,5761,5666,11,8718,1263,11,16207,5666,11,8398,14302,11,8398,11216,11,8266,5666,11,27766,26292,271,1199,25,5321,1505,12673,279,8667,5226,369,2447,23503,382,16533,25,100257,198,100264,78191,100265,14396],""total_duration"":1446525385,""load_duration"":78826442,""prompt_eval_count"":156,""prompt_eval_duration"":1234036283,""eval_count"":2,""eval_duration"":132980836}
"
36,The server downtime impacted several departments.,Incident Report,Operations,0,"{""model"":""granite4:latest"",""created_at"":""2025-10-07T02:54:06.019377325Z"",""response"":""Operations"",""done"":false}
{""model"":""granite4:latest"",""created_at"":""2025-10-07T02:54:06.15075511Z"",""response"":"""",""done"":true,""done_reason"":""stop"",""context"":[100264,882,100265,2675,527,264,24790,18328,13,3494,1193,279,2440,505,420,1160,430,1888,9248,279,1495,13,1442,7000,2489,11,471,364,11663,30736,24600,25,8785,9744,11,64877,6274,11,73550,11,31601,8423,11,60270,11,60270,32388,11,74465,11,9059,64169,11,19735,11,36565,8423,11,12557,66802,11,2956,8398,11,68631,11,23261,11,23096,11216,11,23096,8423,11,23096,6274,11,8871,8398,11,69835,8423,11,46099,32704,32388,11,41290,11,25705,11,71422,11,18729,11,30155,6274,11,51957,37957,11,25927,11,21085,26292,11,45003,37957,11,42187,39346,11,42187,39346,11216,11,5761,5666,11,8718,1263,11,16207,5666,11,8398,14302,11,8398,11216,11,8266,5666,11,27766,26292,271,1199,25,578,3622,75954,40028,3892,26280,382,16533,25,100257,198,100264,78191,100265,36220],""total_duration"":1224754226,""load_duration"":78255111,""prompt_eval_count"":153,""prompt_eval_duration"":1012991693,""eval_count"":2,""eval_duration"":132833636}
"
37,Quarterly compliance audit scheduled for next Monday.,Compliance,Compliance,1,"{""model"":""granite4:latest"",""created_at"":""2025-10-07T02:54:07.508031238Z"",""response"":""Com"",""done"":false}
{""model"":""granite4:latest"",""created_at"":""2025-10-07T02:54:07.63579372Z"",""response"":""pliance"",""done"":false}
{""model"":""granite4:latest"",""created_at"":""2025-10-07T02:54:07.767795421Z"",""response"":"""",""done"":true,""done_reason"":""stop"",""context"":[100264,882,100265,2675,527,264,24790,18328,13,3494,1193,279,2440,505,420,1160,430,1888,9248,279,1495,13,1442,7000,2489,11,471,364,11663,30736,24600,25,8785,9744,11,64877,6274,11,73550,11,31601,8423,11,60270,11,60270,32388,11,74465,11,9059,64169,11,19735,11,36565,8423,11,12557,66802,11,2956,8398,11,68631,11,23261,11,23096,11216,11,23096,8423,11,23096,6274,11,8871,8398,11,69835,8423,11,46099,32704,32388,11,41290,11,25705,11,71422,11,18729,11,30155,6274,11,51957,37957,11,25927,11,21085,26292,11,45003,37957,11,42187,39346,11,42187,39346,11216,11,5761,5666,11,8718,1263,11,16207,5666,11,8398,14302,11,8398,11216,11,8266,5666,11,27766,26292,271,1199,25,75483,8907,25261,13847,369,1828,7159,382,16533,25,100257,198,100264,78191,100265,1110,32712],""total_duration"":1412292014,""load_duration"":71795601,""prompt_eval_count"":154,""prompt_eval_duration"":1078745405,""eval_count"":3,""eval_duration"":261068853}
"
38,Marketing team requests approval for ad spend increase.,Approval Request,Meeting Request,0,"{""model"":""granite4:latest"",""created_at"":""2025-10-07T02:54:09.193157273Z"",""response"":""Meeting"",""done"":false}
{""model"":""granite4:latest"",""created_at"":""2025-10-07T02:54:09.325145046Z"",""response"":"" Request"",""done"":false}
{""model"":""granite4:latest"",""created_at"":""2025-10-07T02:54:09.452587483Z"",""response"":"""",""done"":true,""done_reason"":""stop"",""context"":[100264,882,100265,2675,527,264,24790,18328,13,3494,1193,279,2440,505,420,1160,430,1888,9248,279,1495,13,1442,7000,2489,11,471,364,11663,30736,24600,25,8785,9744,11,64877,6274,11,73550,11,31601,8423,11,60270,11,60270,32388,11,74465,11,9059,64169,11,19735,11,36565,8423,11,12557,66802,11,2956,8398,11,68631,11,23261,11,23096,11216,11,23096,8423,11,23096,6274,11,8871,8398,11,69835,8423,11,46099,32704,32388,11,41290,11,25705,11,71422,11,18729,11,30155,6274,11,51957,37957,11,25927,11,21085,26292,11,45003,37957,11,42187,39346,11,42187,39346,11216,11,5761,5666,11,8718,1263,11,16207,5666,11,8398,14302,11,8398,11216,11,8266,5666,11,27766,26292,271,1199,25,18729,2128,7540,14765,369,1008,8493,5376,382,16533,25,100257,198,100264,78191,100265,65676,6274],""total_duration"":1479579456,""load_duration"":82939429,""prompt_eval_count"":155,""prompt_eval_duration"":1135550529,""eval_count"":3,""eval_duration"":260418311}
"
39,Employee requested parental leave under the new HR policy.,HR Request,HR Policy,0,"{""model"":""granite4:latest"",""created_at"":""2025-10-07T02:54:10.98101557Z"",""response"":""HR"",""done"":false}
{""model"":""granite4:latest"",""created_at"":""2025-10-07T02:54:11.112513042Z"",""response"":"" Policy"",""done"":false}
{""model"":""granite4:latest"",""created_at"":""2025-10-07T02:54:11.239909022Z"",""response"":"""",""done"":true,""done_reason"":""stop"",""context"":[100264,882,100265,2675,527,264,24790,18328,13,3494,1193,279,2440,505,420,1160,430,1888,9248,279,1495,13,1442,7000,2489,11,471,364,11663,30736,24600,25,8785,9744,11,64877,6274,11,73550,11,31601,8423,11,60270,11,60270,32388,11,74465,11,9059,64169,11,19735,11,36565,8423,11,12557,66802,11,2956,8398,11,68631,11,23261,11,23096,11216,11,23096,8423,11,23096,6274,11,8871,8398,11,69835,8423,11,46099,32704,32388,11,41290,11,25705,11,71422,11,18729,11,30155,6274,11,51957,37957,11,25927,11,21085,26292,11,45003,37957,11,42187,39346,11,42187,39346,11216,11,5761,5666,11,8718,1263,11,16207,5666,11,8398,14302,11,8398,11216,11,8266,5666,11,27766,26292,271,1199,25,17275,11472,46679,5387,1234,279,502,23096,4947,382,16533,25,100257,198,100264,78191,100265,17526,11216],""total_duration"":1582282148,""load_duration"":83285187,""prompt_eval_count"":156,""prompt_eval_duration"":1238158205,""eval_count"":3,""eval_duration"":260180716}
"
40,The system generated duplicate invoices last month.,Bug Report,Invoice,0,"{""model"":""granite4:latest"",""created_at"":""2025-10-07T02:54:12.588042783Z"",""response"":""Invoice"",""done"":false}
{""model"":""granite4:latest"",""created_at"":""2025-10-07T02:54:12.723183733Z"",""response"":"""",""done"":true,""done_reason"":""stop"",""context"":[100264,882,100265,2675,527,264,24790,18328,13,3494,1193,279,2440,505,420,1160,430,1888,9248,279,1495,13,1442,7000,2489,11,471,364,11663,30736,24600,25,8785,9744,11,64877,6274,11,73550,11,31601,8423,11,60270,11,60270,32388,11,74465,11,9059,64169,11,19735,11,36565,8423,11,12557,66802,11,2956,8398,11,68631,11,23261,11,23096,11216,11,23096,8423,11,23096,6274,11,8871,8398,11,69835,8423,11,46099,32704,32388,11,41290,11,25705,11,71422,11,18729,11,30155,6274,11,51957,37957,11,25927,11,21085,26292,11,45003,37957,11,42187,39346,11,42187,39346,11216,11,5761,5666,11,8718,1263,11,16207,5666,11,8398,14302,11,8398,11216,11,8266,5666,11,27766,26292,271,1199,25,578,1887,8066,23329,65152,1566,2305,382,16533,25,100257,198,100264,78191,100265,35774],""total_duration"":1278191687,""load_duration"":82944034,""prompt_eval_count"":154,""prompt_eval_duration"":1058033157,""eval_count"":2,""eval_duration"":136520417}
"
41,We need to discuss next year’s IT infrastructure budget.,Meeting Request,Procurement,0,"{""model"":""granite4:latest"",""created_at"":""2025-10-07T02:54:14.309914039Z"",""response"":""Proc"",""done"":false}
{""model"":""granite4:latest"",""created_at"":""2025-10-07T02:54:14.452788013Z"",""response"":""urement"",""done"":false}
{""model"":""granite4:latest"",""created_at"":""2025-10-07T02:54:14.583547467Z"",""response"":"""",""done"":true,""done_reason"":""stop"",""context"":[100264,882,100265,2675,527,264,24790,18328,13,3494,1193,279,2440,505,420,1160,430,1888,9248,279,1495,13,1442,7000,2489,11,471,364,11663,30736,24600,25,8785,9744,11,64877,6274,11,73550,11,31601,8423,11,60270,11,60270,32388,11,74465,11,9059,64169,11,19735,11,36565,8423,11,12557,66802,11,2956,8398,11,68631,11,23261,11,23096,11216,11,23096,8423,11,23096,6274,11,8871,8398,11,69835,8423,11,46099,32704,32388,11,41290,11,25705,11,71422,11,18729,11,30155,6274,11,51957,37957,11,25927,11,21085,26292,11,45003,37957,11,42187,39346,11,42187,39346,11216,11,5761,5666,11,8718,1263,11,16207,5666,11,8398,14302,11,8398,11216,11,8266,5666,11,27766,26292,271,1199,25,1226,1205,311,4358,1828,1060,753,8871,14054,8199,382,16533,25,100257,198,100264,78191,100265,25522,39346],""total_duration"":1655245853,""load_duration"":78594237,""prompt_eval_count"":157,""prompt_eval_duration"":1301196812,""eval_count"":3,""eval_duration"":274709194}
"
42,Please archive the closed support tickets older than 6 months.,Operations,other,0,"{""model"":""granite4:latest"",""created_at"":""2025-10-07T02:54:16.24328476Z"",""response"":""Other"",""done"":false}
{""model"":""granite4:latest"",""created_at"":""2025-10-07T02:54:16.3833399Z"",""response"":"""",""done"":true,""done_reason"":""stop"",""context"":[100264,882,100265,2675,527,264,24790,18328,13,3494,1193,279,2440,505,420,1160,430,1888,9248,279,1495,13,1442,7000,2489,11,471,364,11663,30736,24600,25,8785,9744,11,64877,6274,11,73550,11,31601,8423,11,60270,11,60270,32388,11,74465,11,9059,64169,11,19735,11,36565,8423,11,12557,66802,11,2956,8398,11,68631,11,23261,11,23096,11216,11,23096,8423,11,23096,6274,11,8871,8398,11,69835,8423,11,46099,32704,32388,11,41290,11,25705,11,71422,11,18729,11,30155,6274,11,51957,37957,11,25927,11,21085,26292,11,45003,37957,11,42187,39346,11,42187,39346,11216,11,5761,5666,11,8718,1263,11,16207,5666,11,8398,14302,11,8398,11216,11,8266,5666,11,27766,26292,271,1199,25,5321,18624,279,8036,1862,14741,9191,1109,220,21,4038,382,16533,25,100257,198,100264,78191,100265,11663],""total_duration"":1594467454,""load_duration"":82194750,""prompt_eval_count"":158,""prompt_eval_duration"":1370401497,""eval_count"":2,""eval_duration"":141162851}
"
43,There’s a typo in the new customer welcome email.,Content Correction,Content Correction,1,"{""model"":""granite4:latest"",""created_at"":""2025-10-07T02:54:17.994255481Z"",""response"":""Content"",""done"":false}
{""model"":""granite4:latest"",""created_at"":""2025-10-07T02:54:18.12975125Z"",""response"":"" Correction"",""done"":false}
{""model"":""granite4:latest"",""created_at"":""2025-10-07T02:54:18.264918763Z"",""response"":"""",""done"":true,""done_reason"":""stop"",""context"":[100264,882,100265,2675,527,264,24790,18328,13,3494,1193,279,2440,505,420,1160,430,1888,9248,279,1495,13,1442,7000,2489,11,471,364,11663,30736,24600,25,8785,9744,11,64877,6274,11,73550,11,31601,8423,11,60270,11,60270,32388,11,74465,11,9059,64169,11,19735,11,36565,8423,11,12557,66802,11,2956,8398,11,68631,11,23261,11,23096,11216,11,23096,8423,11,23096,6274,11,8871,8398,11,69835,8423,11,46099,32704,32388,11,41290,11,25705,11,71422,11,18729,11,30155,6274,11,51957,37957,11,25927,11,21085,26292,11,45003,37957,11,42187,39346,11,42187,39346,11216,11,5761,5666,11,8718,1263,11,16207,5666,11,8398,14302,11,8398,11216,11,8266,5666,11,27766,26292,271,1199,25,2684,753,264,86205,304,279,502,6130,10788,2613,382,16533,25,100257,198,100264,78191,100265,2831,64169],""total_duration"":1676810185,""load_duration"":86721826,""prompt_eval_count"":157,""prompt_eval_duration"":1317500609,""eval_count"":3,""eval_duration"":271907736}
"
44,We have received the shipment of laptops for new hires.,Logistics,Procurement,0,"{""model"":""granite4:latest"",""created_at"":""2025-10-07T02:54:19.952395635Z"",""response"":""Proc"",""done"":false}
{""model"":""granite4:latest"",""created_at"":""2025-10-07T02:54:20.090249053Z"",""response"":""urement"",""done"":false}
{""model"":""granite4:latest"",""created_at"":""2025-10-07T02:54:20.220687781Z"",""response"":"""",""done"":true,""done_reason"":""stop"",""context"":[100264,882,100265,2675,527,264,24790,18328,13,3494,1193,279,2440,505,420,1160,430,1888,9248,279,1495,13,1442,7000,2489,11,471,364,11663,30736,24600,25,8785,9744,11,64877,6274,11,73550,11,31601,8423,11,60270,11,60270,32388,11,74465,11,9059,64169,11,19735,11,36565,8423,11,12557,66802,11,2956,8398,11,68631,11,23261,11,23096,11216,11,23096,8423,11,23096,6274,11,8871,8398,11,69835,8423,11,46099,32704,32388,11,41290,11,25705,11,71422,11,18729,11,30155,6274,11,51957,37957,11,25927,11,21085,26292,11,45003,37957,11,42187,39346,11,42187,39346,11216,11,5761,5666,11,8718,1263,11,16207,5666,11,8398,14302,11,8398,11216,11,8266,5666,11,27766,26292,271,1199,25,1226,617,4036,279,44854,315,48985,369,502,73041,382,16533,25,100257,198,100264,78191,100265,25522,39346],""total_duration"":1750565091,""load_duration"":105586295,""prompt_eval_count"":157,""prompt_eval_duration"":1374894289,""eval_count"":3,""eval_duration"":269337790}
"
45,Report phishing attempt from unknown sender.,Security Alert,Security Alert,1,"{""model"":""granite4:latest"",""created_at"":""2025-10-07T02:54:21.533676983Z"",""response"":""Security"",""done"":false}
{""model"":""granite4:latest"",""created_at"":""2025-10-07T02:54:21.684095542Z"",""response"":"" Alert"",""done"":false}
{""model"":""granite4:latest"",""created_at"":""2025-10-07T02:54:21.821307089Z"",""response"":"""",""done"":true,""done_reason"":""stop"",""context"":[100264,882,100265,2675,527,264,24790,18328,13,3494,1193,279,2440,505,420,1160,430,1888,9248,279,1495,13,1442,7000,2489,11,471,364,11663,30736,24600,25,8785,9744,11,64877,6274,11,73550,11,31601,8423,11,60270,11,60270,32388,11,74465,11,9059,64169,11,19735,11,36565,8423,11,12557,66802,11,2956,8398,11,68631,11,23261,11,23096,11216,11,23096,8423,11,23096,6274,11,8871,8398,11,69835,8423,11,46099,32704,32388,11,41290,11,25705,11,71422,11,18729,11,30155,6274,11,51957,37957,11,25927,11,21085,26292,11,45003,37957,11,42187,39346,11,42187,39346,11216,11,5761,5666,11,8718,1263,11,16207,5666,11,8398,14302,11,8398,11216,11,8266,5666,11,27766,26292,271,1199,25,8423,99197,4879,505,9987,4750,382,16533,25,100257,198,100264,78191,100265,15712,14302],""total_duration"":1395184927,""load_duration"":79507547,""prompt_eval_count"":153,""prompt_eval_duration"":1025891782,""eval_count"":3,""eval_duration"":289092728}
"
46,Sales team exceeded Q3 targets by 15%.,Sales Update,Sales Update,1,"{""model"":""granite4:latest"",""created_at"":""2025-10-07T02:54:23.345787605Z"",""response"":""Sales"",""done"":false}
{""model"":""granite4:latest"",""created_at"":""2025-10-07T02:54:23.477403526Z"",""response"":"" Update"",""done"":false}
{""model"":""granite4:latest"",""created_at"":""2025-10-07T02:54:23.614829102Z"",""response"":"""",""done"":true,""done_reason"":""stop"",""context"":[100264,882,100265,2675,527,264,24790,18328,13,3494,1193,279,2440,505,420,1160,430,1888,9248,279,1495,13,1442,7000,2489,11,471,364,11663,30736,24600,25,8785,9744,11,64877,6274,11,73550,11,31601,8423,11,60270,11,60270,32388,11,74465,11,9059,64169,11,19735,11,36565,8423,11,12557,66802,11,2956,8398,11,68631,11,23261,11,23096,11216,11,23096,8423,11,23096,6274,11,8871,8398,11,69835,8423,11,46099,32704,32388,11,41290,11,25705,11,71422,11,18729,11,30155,6274,11,51957,37957,11,25927,11,21085,26292,11,45003,37957,11,42187,39346,11,42187,39346,11216,11,5761,5666,11,8718,1263,11,16207,5666,11,8398,14302,11,8398,11216,11,8266,5666,11,27766,26292,271,1199,25,16207,2128,34908,1229,18,11811,555,220,868,35432,16533,25,100257,198,100264,78191,100265,36518,5666],""total_duration"":1588478136,""load_duration"":78628882,""prompt_eval_count"":156,""prompt_eval_duration"":1238941437,""eval_count"":3,""eval_duration"":270305634}
"
47,The procurement policy update will be communicated next week.,Procurement Policy,Procurement Policy,1,"{""model"":""granite4:latest"",""created_at"":""2025-10-07T02:54:25.126530856Z"",""response"":""Proc"",""done"":false}
{""model"":""granite4:latest"",""created_at"":""2025-10-07T02:54:25.25638053Z"",""response"":""urement"",""done"":false}
{""model"":""granite4:latest"",""created_at"":""2025-10-07T02:54:25.395044067Z"",""response"":"" Policy"",""done"":false}
{""model"":""granite4:latest"",""created_at"":""2025-10-07T02:54:25.531876498Z"",""response"":"""",""done"":true,""done_reason"":""stop"",""context"":[100264,882,100265,2675,527,264,24790,18328,13,3494,1193,279,2440,505,420,1160,430,1888,9248,279,1495,13,1442,7000,2489,11,471,364,11663,30736,24600,25,8785,9744,11,64877,6274,11,73550,11,31601,8423,11,60270,11,60270,32388,11,74465,11,9059,64169,11,19735,11,36565,8423,11,12557,66802,11,2956,8398,11,68631,11,23261,11,23096,11216,11,23096,8423,11,23096,6274,11,8871,8398,11,69835,8423,11,46099,32704,32388,11,41290,11,25705,11,71422,11,18729,11,30155,6274,11,51957,37957,11,25927,11,21085,26292,11,45003,37957,11,42187,39346,11,42187,39346,11216,11,5761,5666,11,8718,1263,11,16207,5666,11,8398,14302,11,8398,11216,11,8266,5666,11,27766,26292,271,1199,25,578,53678,4947,2713,690,387,59035,1828,2046,382,16533,25,100257,198,100264,78191,100265,25522,39346,11216],""total_duration"":1711980026,""load_duration"":81015971,""prompt_eval_count"":156,""prompt_eval_duration"":1223988927,""eval_count"":4,""eval_duration"":406315481}
"
48,Our new AI feature recommendation engine is live.,Product Update,Product Update,1,"{""model"":""granite4:latest"",""created_at"":""2025-10-07T02:54:26.973285187Z"",""response"":""Product"",""done"":false}
{""model"":""granite4:latest"",""created_at"":""2025-10-07T02:54:27.114798943Z"",""response"":"" Update"",""done"":false}
{""model"":""granite4:latest"",""created_at"":""2025-10-07T02:54:27.247914667Z"",""response"":"""",""done"":true,""done_reason"":""stop"",""context"":[100264,882,100265,2675,527,264,24790,18328,13,3494,1193,279,2440,505,420,1160,430,1888,9248,279,1495,13,1442,7000,2489,11,471,364,11663,30736,24600,25,8785,9744,11,64877,6274,11,73550,11,31601,8423,11,60270,11,60270,32388,11,74465,11,9059,64169,11,19735,11,36565,8423,11,12557,66802,11,2956,8398,11,68631,11,23261,11,23096,11216,11,23096,8423,11,23096,6274,11,8871,8398,11,69835,8423,11,46099,32704,32388,11,41290,11,25705,11,71422,11,18729,11,30155,6274,11,51957,37957,11,25927,11,21085,26292,11,45003,37957,11,42187,39346,11,42187,39346,11216,11,5761,5666,11,8718,1263,11,16207,5666,11,8398,14302,11,8398,11216,11,8266,5666,11,27766,26292,271,1199,25,5751,502,15592,4668,28782,4817,374,3974,382,16533,25,100257,198,100264,78191,100265,4921,5666],""total_duration"":1510573951,""load_duration"":80970372,""prompt_eval_count"":155,""prompt_eval_duration"":1152917418,""eval_count"":3,""eval_duration"":276022966}
"
49,I can’t access the HR portal to submit my timesheet.,Technical Issue,HR Report,0,"{""model"":""granite4:latest"",""created_at"":""2025-10-07T02:54:28.946112034Z"",""response"":""HR"",""done"":false}
{""model"":""granite4:latest"",""created_at"":""2025-10-07T02:54:29.074324205Z"",""response"":"" Report"",""done"":false}
{""model"":""granite4:latest"",""created_at"":""2025-10-07T02:54:29.205534348Z"",""response"":"""",""done"":true,""done_reason"":""stop"",""context"":[100264,882,100265,2675,527,264,24790,18328,13,3494,1193,279,2440,505,420,1160,430,1888,9248,279,1495,13,1442,7000,2489,11,471,364,11663,30736,24600,25,8785,9744,11,64877,6274,11,73550,11,31601,8423,11,60270,11,60270,32388,11,74465,11,9059,64169,11,19735,11,36565,8423,11,12557,66802,11,2956,8398,11,68631,11,23261,11,23096,11216,11,23096,8423,11,23096,6274,11,8871,8398,11,69835,8423,11,46099,32704,32388,11,41290,11,25705,11,71422,11,18729,11,30155,6274,11,51957,37957,11,25927,11,21085,26292,11,45003,37957,11,42187,39346,11,42187,39346,11216,11,5761,5666,11,8718,1263,11,16207,5666,11,8398,14302,11,8398,11216,11,8266,5666,11,27766,26292,271,1199,25,358,649,1431,2680,279,23096,24007,311,9502,856,3115,3759,382,16533,25,100257,198,100264,78191,100265,17526,8423],""total_duration"":1752101143,""load_duration"":79413115,""prompt_eval_count"":159,""prompt_eval_duration"":1411282657,""eval_count"":3,""eval_duration"":260741256}
"
50,Please ensure all financial documents are encrypted before sharing.,Data Security,Security Policy,0,"{""model"":""granite4:latest"",""created_at"":""2025-10-07T02:54:30.713812535Z"",""response"":""Security"",""done"":false}
{""model"":""granite4:latest"",""created_at"":""2025-10-07T02:54:30.845753538Z"",""response"":"" Policy"",""done"":false}
{""model"":""granite4:latest"",""created_at"":""2025-10-07T02:54:30.981402599Z"",""response"":"""",""done"":true,""done_reason"":""stop"",""context"":[100264,882,100265,2675,527,264,24790,18328,13,3494,1193,279,2440,505,420,1160,430,1888,9248,279,1495,13,1442,7000,2489,11,471,364,11663,30736,24600,25,8785,9744,11,64877,6274,11,73550,11,31601,8423,11,60270,11,60270,32388,11,74465,11,9059,64169,11,19735,11,36565,8423,11,12557,66802,11,2956,8398,11,68631,11,23261,11,23096,11216,11,23096,8423,11,23096,6274,11,8871,8398,11,69835,8423,11,46099,32704,32388,11,41290,11,25705,11,71422,11,18729,11,30155,6274,11,51957,37957,11,25927,11,21085,26292,11,45003,37957,11,42187,39346,11,42187,39346,11216,11,5761,5666,11,8718,1263,11,16207,5666,11,8398,14302,11,8398,11216,11,8266,5666,11,27766,26292,271,1199,25,5321,6106,682,6020,9477,527,25461,1603,11821,382,16533,25,100257,198,100264,78191,100265,15712,11216],""total_duration"":1570739219,""load_duration"":83214418,""prompt_eval_count"":156,""prompt_eval_duration"":1218082147,""eval_count"":3,""eval_duration"":268908967}
"
